ID_culture_collection,Acronym_col,Acronym_col_num,URL_general,URL_str_num,Culture_Collection,last_change
1,ABKMI,ABKMI,,,"Department of Applied Biology, Faculty of science",2016-05-04 11:11:51
2,ABRC,ABRC,,,Anaerobic Bacterial Resource Centre,2016-05-04 11:11:51
3,ABRIICC,ABRIICC,http://www.abrii.ac.ir/,,ABRIICC Agricultural Biotechnology Research Institute of Iran Culture collection,2016-05-04 11:11:51
4,ACA-DC,ACA-DC,,,Greek Coordinated Collections of Microorganisms,2016-05-04 11:11:51
5,ACAM,ACAM,http://www.antcrc.utas.edu.au/antcrc/micropro/acaminfo.html,,The Australian Collection of Antarctic Microorganisms,2016-05-04 11:11:51
6,ACBR,ACBR,http://www.biotec.boku.ac.at/acbr.html,,Austrian Center of Biological Resources and Applied Mycology,2016-05-04 11:11:51
7,ACCC,ACCC,http://www.im.ac.cn/institutes/accc/accc.html,,Agricultural Culture Collection of China,2016-05-04 11:11:51
8,ACCS,ACCS,,,Algae Culture Collection of Siberia,2016-05-04 11:11:51
9,ACH,ACH,,,Mycology Culture Collection,2016-05-04 11:11:51
10,ACM,ACM,http://www.biosci.uq.edu.au/micro/,,University of Queensland Microbial Culture Collection,2016-05-04 11:11:51
11,ACOI,ACOI,http://www.uc.pt/botanica/ACOI.htm,,Algoteca de Coimbra,2016-05-04 11:11:51
12,ACTINOCC,ACTINOCC,http://biyomuhendislik.ege.edu.tr/,,Ege University Actinomycetes Culture Collection,2016-05-04 11:11:51
13,ACUS,ACUS,,,Algal Collection of Sofia University,2016-05-04 11:11:51
14,AGO,AGO,,,"Arocrete Group Co.,",2016-05-04 11:11:51
15,AHLDA,AHLDA,,,Animal Health Division Culture Collection,2016-05-04 11:11:51
16,AHU,AHU,http://www.agr.hokudai.ac.jp/oukin/index.html,,AHU Culture Collection,2016-05-04 11:11:51
17,ALCP,ALCP,,,Algotheque du Laboratoire de Cryptogamie,2016-05-04 11:11:51
18,ALGOBANK,ALGOBANK,http://www.unicaen.fr/unicaen/ufr/ibba/lbbm/algobank,,ALGOBANK,2016-05-04 11:11:51
19,ALIRU,ALIRU,,,Australian Legume Inoculants Research Unit,2016-05-04 11:11:51
20,AMMRL,AMMRL,,,Australian National Reference Laboratory in Medical Mycology,2016-05-04 11:11:51
21,ANACC,ANACC,http://www.csiro.au/ANACC,,Australian National Algae Culture Collection,2016-05-04 11:11:51
22,ARSEF,ARSEF,http://arsef.fpsnl.cornell.edu/,,ARS Collection of Entomopathogenic Fungi,2016-05-04 11:11:51
23,ASIB,ASIB,,,Algensammlung am Institut fur Botanik,2016-05-04 11:11:51
24,ATCC,ATCC,http://www.atcc.org/,http://www.lgcstandards-atcc.org/Products/All/#####CULCOLNO#####.aspx,American Type Culture Collection,2016-05-04 09:32:03
25,ATHUM,ATHUM,,,ATHUM Culture Collection of Fungi,2016-05-04 11:11:51
26,ATU,ATU,http://www.a.u-tokyo.ac.jp/english/index.html,,Dept.of Biotechnology University of Tokyo,2016-05-04 11:11:51
27,AWRI MCC,AWRI MCC,http://www.awri.com.au/,,AWRI Microorganisms Culture Collection,2016-05-04 11:11:51
28,AYL,AYL,,,WHYLABS RESOURCE CENTRE FOR MICROORGANISMS,2016-05-04 11:11:51
29,BACC,BACC,http://www.anses.fr/,,Brucella ANSES Culture Collection,2016-05-04 11:11:51
30,BBLF,BBLF,,,Institut fur Pflanzenschutz im Forst,2016-05-04 11:11:51
31,BBPP,BBPP,,,"Bacteriology Branch, Plant Pathology and Microbiology Division, Department of Agricultural Science",2016-05-04 11:11:51
32,BCC,BCC,http://bcc.biotec.or.th/,,BIOTEC Culture Collection,2016-05-04 11:11:51
33,BCCCp,BCCCp,http://www.ceplac.gov.br/,,Brazilian Culture collection of Crinipellis perniciosa,2016-05-04 11:11:51
34,BCCM/IHEM,BCCM/IHEM,,,BCCM/IHEM,2016-05-04 11:11:51
35,BCCM/LMBP,BCCM/LMBP,http://bccm.belspo.be/index.php,,Belgian Coordinated Collections of Microorganisms / LMBP Plasmid Collection,2016-05-04 11:11:51
36,BCCM/ULC,BCCM/ULC,http://bccm.belspo.be/about/ulc.php,,BCCM/ULC Culture Collection of (sub)polar cyanobacteria,2016-05-04 11:11:51
37,BCCUSP,BCCUSP,http://www.esalq.usp.br/,,Brazilian Cyanobacteria Collection - University of Sao Paulo,2016-05-04 11:11:51
38,BCRC,BCRC,http://www.bcrc.firdi.org.tw/,,Bioresource Collection and Research Center,2016-05-04 11:11:51
39,BCRJ,BCRJ,http://www.bcrj.hucff.ufrj.br/,,Rio de Janeiro Cell Bank (Banco de Celulas do Rio de Janeiro),2016-05-04 11:11:51
40,BDU,BDU,http://www.nfmc.res.in/,,National Facility for Marine Cyanobacteria,2016-05-04 11:11:51
41,BDUZ,BDUZ,,,Biological Sciences,2016-05-04 11:11:51
42,BEG,BEG,http://wwwbio.ukc.ac.uk/beg/,,La Banque European des Glomales,2016-05-04 11:11:51
43,BGIV,BGIV,http://www.bgiv.com.ar/,,Banco de Glomeromycota In Vitro (Bank of Glomeromycota In Vitro),2016-05-04 11:11:51
44,BGSC,BGSC,http://bacillus.biosci.ohio-state.edu/,,Bacillus Genetic Stock Center,2016-05-04 11:11:51
45,BIM,BIM,http://www.mbio.bas-net.by/,,Belarusian Collection of non-pathogenic microorganisms,2016-05-04 11:11:51
46,BioCC,BioCC,http://www.biocen.cu/,,BioCC BioCen Culture Collection,2016-05-04 11:11:51
47,BLWG,BLWG,,,Bayerische Landesanstalt fur Weinbau und Gartenbau,2016-05-04 11:11:51
48,BMBC,BMBC,http://www.lcm.ufsc.br/,,Brazilian Marine Bacteria Collection,2016-05-04 11:11:51
49,BMFM-UNAM,BMFM-UNAM,,,"Culture Collection of Fungal Pathogens Strains from the Basic Mycology Laboratory of the Department of Microbiology and Parasitology, Faculty of Medicine, UNAM",2016-05-04 11:11:51
50,BNA,BNA,http://www.ulpgc.es/webs/cbm/,,National Bank of Algae,2016-05-04 11:11:51
51,BNM,BNM,http://www.agro.uba.ar/,,Banco Nacional de Microorganismos(National Bank of Microorganisms),2016-05-04 11:11:51
52,BOROK,BOROK,,,The Collection of algae,2016-05-04 11:11:51
53,BPIC,BPIC,,,Benaki Phytopathological Institute Collection,2016-05-04 11:11:51
54,BPPT-ESC,BPPT-ESC,,,BPPT Ethanol-Single Cell Protein-Fructose Syrup Technical Unit,2016-05-04 11:11:51
55,BR,BR,,,Embrapa Agrobiology Diazothrophic Microbial Culture Collection,2016-05-04 11:11:51
56,BRCC,BRCC,http://www.ars.usda.gov/is/np/systematics/rhizobium.htm,,USDA-ARS Rhizobium Germplasm Resource Collection,2016-05-04 11:11:51
57,BSMB,BSMB,,,Bacteriology and Soil Microbiology Branch,2016-05-04 11:11:51
58,BTCC,BTCC,,,Bulgarian Type Culture Collection,2016-05-04 11:11:51
59,BTCC,BTCC,,,Biotechnology Culture Collection Institution Pusat Penelitian dan Pengembangan Bioteknologi-LIPI,2016-05-04 11:11:51
60,CACEM-MGM,CACEM-MGM,,,The Champagne-Ardenne collection of Enological microorganisms,2016-05-04 11:11:51
61,CAIM,CAIM,http://www.ciad.mx/caim,,Collection of Aquatic Important Microorganisms,2016-05-04 11:11:51
62,CAIRCC,CAIRCC,,,CAIRCC,2016-05-04 11:11:51
63,CALU,CALU,,,"Collection of Algae in Leningrad, St. Petersburg, State University",2016-05-04 11:11:51
64,CAPM,CAPM,http://www.vri.cz/,,Collection of Animal Pathogenic Microorganisms,2016-05-04 11:11:51
65,CAUP,CAUP,http://botany.natur.cuni.cz/algo/caup.html,,Culture Collection of Algae of Charles University in Prague,2016-05-04 11:11:51
66,CAZ,CAZ,,,CAZ Coleccion de Bacterias Dr Anibal Zaindenberg,2016-05-04 11:11:51
67,CB,CB,,,The CB Rhizobium Collection,2016-05-04 11:11:51
68,CBMAI,CBMAI,http://www.cpqba.unicamp.br/cbmai,,Brazilian Collection of Microorganisms from the Environment and Industry (Colecao Brasileira de Microrganismos de Ambiente e Industria),2016-05-04 11:11:51
69,CBMW,CBMW,,,"""Collection of bacteriophages and microorganisms """"MicroWorld""""""",2016-05-04 11:11:51
70,CBS,CBS,http://www.cbs.knaw.nl/,,"Centraalbureau voor Schimmelcultures, Fungal and Yeast Collection",2016-05-04 11:11:51
71,CBTCCCAS,CBTCCCAS,http://www1.im.ac.cn/typecc/en.html,,The Cell Bank of Type Culture Collection of Chinese Academy of Sciences,2016-05-04 11:11:51
72,CC,CC,,,CSIRO Canberra Rhizobium Collection,2016-05-04 11:11:51
73,CCAC,CCAC,http://www.ccac.uni-koeln.de/,,Culture Collection of Algae at the University of Cologne,2016-05-04 11:11:51
74,CCALA,CCALA,http://www.butbn.cas.cz/ccala/index.php,,Culture Collection of Autotrophic Organisms,2016-05-04 11:11:51
75,CCAP,CCAP,http://www.ccap.ac.uk/,,Culture Collection of Algae and Protozoa,2016-05-04 11:11:51
76,CCARM,CCARM,http://www.ccarm.or.kr/,,Culture Collection of Antimirobial Resistant Microorganisms,2016-05-04 11:11:51
77,CCB,CCB,,,Colecao de Culturas de Basidiomicetos,2016-05-04 11:11:51
78,CCBA,CCBA,http://www.ocean.univ.gda.pl/~ccba/,,Culture Collection of Baltic Algae at the University of Gdansk,2016-05-04 11:11:51
79,CCBAS,CCBAS,http://www.biomed.cas.cz/ccbas/fungi.htm,,Culture Collection of Basidiomycetes,2016-05-04 11:11:51
80,CCBAU,CCBAU,,,"Culture Collection, Beijing Agricultural University",2016-05-04 11:11:51
81,CCC,CCC,,,Culture Collection of Clavicipitaceae,2016-05-04 11:11:51
82,CCCIEB,CCCIEB,,,Culture Collections of Microorgansisms of Center of Genetic Engineering and Biotechnology,2016-05-04 11:11:51
83,CCCryo,CCCryo,http://cccryo.fraunhofer.de/,,CCCryo Culture Collection of Cryophilic Algae,2016-05-04 11:11:51
84,CCDM,CCDM,,,Culture Collection of Department of Microbiology,2016-05-04 11:11:51
85,CCDM,CCDM,,,Culture Collection of Dairy Microorganisms Laktoflora,2016-05-04 11:11:51
86,CCDMBI,CCDMBI,,,"Culture Collection, Department of Microbiology",2016-05-04 11:11:51
87,CCF,CCF,,,Colleccion de Cuttivos Finlay,2016-05-04 11:11:51
88,CCF,CCF,,,Culture Collection of Fungi,2016-05-04 11:11:51
89,CCFC,CCFC,http://sis.agr.gc.ca/brd/ccc/,,Canadian Collection of Fungal Cultures,2016-05-04 11:11:51
90,CCGVCC,CCGVCC,,,China Centre for General Viruses Culture Collection,2016-05-04 11:11:51
91,CCIAL,CCIAL,http://ial.sp.gov.br/,,Nucleo de Cultura de Celulas,2016-05-04 11:11:51
92,CCIBSO,CCIBSO,http://www.ibp.ru/,,Culture Collection IBSO,2016-05-04 11:11:51
93,CCIM,CCIM,,,Culture Collection of Industrial Microorganisms,2016-05-04 11:11:51
94,CCM,CCM,http://sci.muni.cz/ccm/index.html,,Czech Collection of Microorganisms,2016-05-04 11:11:51
95,CCM-A,CCM-A,,,Coleccion de Cultivos Microbianos,2016-05-04 11:11:51
96,CCMAC,CCMAC,,,Culture Collection of Macromycetes (Basidiomycotina and Ascomycotina),2016-05-04 11:11:51
97,CCMCU,CCMCU,,,Culture Collection of Microorganisms,2016-05-04 11:11:51
98,CCMF,CCMF,,,University of Portsmouth,2016-05-04 11:11:51
99,CCMI,CCMI,,,Culture Collection of Industrial Microorganisms,2016-05-04 11:11:51
100,CCMM,CCMM,http://www.ccmm.ma/,,Moroccan Coordinated Collections of Microorganisms,2016-05-04 11:11:51
101,CCMP,CCMP,http://ccmp.bigelow.org/,,Provasoli-Guillard National Center for Culture of Marine Phytoplankton,2016-05-04 11:11:51
102,CCOS,CCOS,http://www.ccos.ch/,,Culture Collection of Switzerland,2016-05-04 11:11:51
103,CCRI,CCRI,http://www.cri.crchul.ulaval.ca/index.html,,Collection du Centre de Recherche en Infectiologie,2016-05-04 11:11:51
104,CCSIIA,CCSIIA,,,Culture Collection of Sichuan Industrial Institute Antibiotics,2016-05-04 11:11:51
105,CCSM,CCSM,http://swri.ir/,,Culture Collection for Soil Microorganisms,2016-05-04 11:11:51
106,CCT,CCT,http://www.cct.fat.org.br/cc.html,,Colecao de Culturas Tropical,2016-05-04 11:11:51
107,CCTCC,CCTCC,,,China Center for Type Culture Collection,2016-05-04 11:11:51
108,CCTM,CCTM,,,Centre de Collection de Type Microbien,2016-05-04 11:11:51
109,CCUG,CCUG,http://www.ccug.se/,https://www.ccug.se/strain?id=#####CULCOLNO#####,"Culture Collection, University of Goteborg",2019-06-12 14:32:03
110,CCVCC,CCVCC,http://www.im.ac.cn/institutes/ccvcc/ccvcc.html,,China Center For Virus Culture Collection,2016-05-04 11:11:51
111,CCWM,CCWM,http://www.wildmush.or.kr/,,Culture Collection of Wild Mushroom,2016-05-04 11:11:51
112,CCY,CCY,,,Culture Collection of Yeasts,2016-05-04 11:11:51
113,CDBB,CDBB,http://cinvestav.mx/cgse/uscncmcc/,,Coleccion Nacional de Cepas Microbianas y Cultivos Celulares,2016-05-04 11:11:51
114,CECT,CECT,http://www.cect.org/,,Coleccion Espanola de Cultivos Tipo,2016-05-04 11:11:51
115,CELMS,CELMS,http://www.miccol.ut.ee/,,Collection of Environmental and Laboratory Microbial Strains,2016-05-04 11:11:51
116,CEMM,CEMM,,,CEMM - CENTRO ESPECIALIZADO EM MICOLOGIA MEDICA,2016-05-04 11:11:51
117,CENACUMI,CENACUMI,,,Centro Nacional de Cultivos Microbianos (National Center For Microbial Cultures),2016-05-04 11:11:51
118,CEP,CEP,http://www.cepave.edu.ar/,,Entomopathogenic Fungal Culture Collection of Argentina,2016-05-04 11:11:51
119,CEPIM,CEPIM,,,Centro per gli Enterobatteri Patogeni per l'Italia Meridionale,2016-05-04 11:11:51
120,CEPM,CEPM,http://cepm.mpl.ird.fr/,,CEPM- Centre d'Etudes sur le Polymorphisme des Micro-organismes,2016-05-04 11:11:51
121,CETESB,CETESB,,,Setor de Pesquisa Tecnologica de Sistemas de Tratamento de Efluentes Domesticos,2016-05-04 11:11:51
122,CFBP,CFBP,http://www.angers.inra.fr/cfbp/index_e.html,,Collection Francaise de Bacteries Phytopathogenes,2016-05-04 11:11:51
123,CFGR,CFGR,http://genebank.snu.ac.kr/,,Center for Fungal Genetic Resources,2016-05-04 11:11:51
124,CFQ,CFQ,,,Cepario de la Facultad de Quimica,2016-05-04 11:11:51
125,CG,CG,http://www.cenargen.embrapa.br/,,Embrapa Genetic Resources and Biotechnology Collection of Fungi of Interest to Biological Control,2016-05-04 11:11:51
126,CGMCC,CGMCC,http://www1.im.ac.cn/typecc/junzhong/en.html,,China General Microbiological Culture Collectio Center,2016-05-04 11:11:51
127,CGSC,CGSC,http://cgsc.biology.yale.edu/,,E. coli Genetic Stock Center,2016-05-04 11:11:51
128,CH-AG,CH-AG,,,Collection de Recherche,2016-05-04 11:11:51
129,CHULA,CHULA,,,Microbiology Department Faculty of Science,2016-05-04 11:11:51
130,CIAM,CIAM,http://www.arriam.spb.ru/,,Collection of Nonpathogenic Microorganisms for Agriculture,2016-05-04 11:11:51
131,CIAT,CIAT,http://www.ciat.cgiar.org/,,CIAT Rhizobium Collection,2016-05-04 11:11:51
132,CICC,CICC,http://www.china-cicc.org/,,China Center for Industrial Culture Collection,2016-05-04 11:11:51
133,CICIM,CICIM,http://cicim-cu.sytu.edu.cn/,,The Culture and Information Centre of Industrial Microoganisms of China Universities,2016-05-04 11:11:51
134,CICV,CICV,,,Centro de Investigaciones en Ciencias Veterinarias,2016-05-04 11:11:51
135,CIMSC,CIMSC,,,Collezione Instituto di Microbiologia,2016-05-04 11:11:51
136,CIP,CIP,http://www.crbip.pasteur.fr/,,Collection de L'Institut Pasteur,2016-03-22 14:32:03
137,CIPDE,CIPDE,,,"Collection of Insect Pathogens, Dept. of Entomology",2016-05-04 11:11:51
138,CIPT,CIPT,,,Collection Institut Pasteur Tuberculose,2016-05-04 11:11:51
139,CIRM-BIA,CIRM-BIA,http://www.inra.fr/cirm_bia,,Centre International de Ressources Microbiennes Bacteries d'Interet Alimentaire,2016-05-04 11:11:51
140,CIRM-BP,CIRM-BP,http://www.tours.inra.fr/cirm_bp_eng/,,Centre International de Ressources Microbiennes - Bacteries Pathogenes,2016-05-04 11:11:51
141,CIRM-CF,CIRM-CF,http://www.inra.fr/crb-cirm/,,Centre International de Ressources Microbiennes - Champignons Filamenteux,2016-05-04 11:11:51
142,CIRM-Levures,CIRM-Levures,http://www.inra.fr/cirmlevures/,,Centre International de Ressources Microbiennes - Levures,2016-05-04 11:11:51
143,CISM,CISM,,,Verticillium dahliae from cotton,2016-05-04 11:11:51
144,CISM,CISM,,,NifTAL Rhizobium Collection (Asia Center),2016-05-04 11:11:51
145,CM-PUJ,CM-PUJ,,,Coleccion Microorganismos Pontificia Universidad Javeriana,2016-05-04 11:11:51
146,CMBGCAS,CMBGCAS,,,Collection of Marine Biological Germplasm,2016-05-04 11:11:51
147,CMCC(B),CMCC(B),,,National Center for Medical Culture Collections,2016-05-04 11:11:51
148,CMKKU,CMKKU,,,"Clinical Diagnostic Microbiology Srinagarind Hospital, Faculty of Medicine",2016-05-04 11:11:51
149,CMM,CMM,http://www.pgfitopat.ufrpe.br/cmm.html,,"""Culture Collection of Phytopathogenic Fungi """"Prof. Maria Menezes"""" (Colecao de Culturas de Fungos Fitopatogenicos """"Prof. Maria Menezes""""""",2016-05-04 11:11:51
150,CMMC,CMMC,http://www.ysfri.ac.cn/,,China Marine Microbe Collection,2016-05-04 11:11:51
151,CNCM,CNCM,,,Collection Nationale de Cultures de Microorganismes,2016-05-04 11:11:51
152,CNCTC,CNCTC,http://www.szu.cz/cnctc/,,Czech National Collection of Type Cultures,2016-05-04 11:11:51
153,CNEN-LABPC,CNEN-LABPC,,,Laboratorio de Pocos de Caldas,2016-05-04 11:11:51
154,CPAC,CPAC,http://www.cpac.embrapa.br/,,Cpac-Embrapa,2016-05-04 11:11:51
155,CPCC,CPCC,http://cpcc.org.cn/,,Center for Culture Collection of Pharmaceutical Microorganisms,2016-05-04 11:11:51
156,CPCC (formerly UTCC),CPCC (formerly UTCC),http://www.phycol.ca/,,Canadian Phycological Culture Centre (formerly University of Toronto Culture Collection of Algae & Cyanobacteria),2016-05-04 11:11:51
157,CPHS,CPHS,,,"WHO/FAO/OIE Collaborating Centre for Reference and Research on Leptospirosis, Western Pacific Region",2016-05-04 11:11:51
158,CPPIPP,CPPIPP,,,Collection of Plant Pathogens,2016-05-04 11:11:51
159,CPRR,CPRR,,,Laboratorio de Doenca de Chagas,2016-05-04 11:11:51
160,CPVC,CPVC,,,Canadian Plant Virus Collection,2016-05-04 11:11:51
161,CPZ,CPZ,,,Centro Panamericano de Zoonosis,2016-05-04 11:11:51
162,CRA-COLMIA,CRA-COLMIA,http://www.collezionedimicrorganismi.com/,,"COLMIA Collezione di microrganismi di interesse agrario, industriale ed ambientale",2016-05-04 11:11:51
163,CRBF,CRBF,,,Collection de genomes d'organismes symbiotiques,2016-05-04 11:11:51
164,CRBIP,CRBIP,http://www.crbip.pasteur.fr/,,Centre de Ressources Biologiques de l'Institut Pasteur,2016-05-04 11:11:51
165,CRL,CRL,,,Centro de Referencia Para Lactobacilos,2016-05-04 11:11:51
166,CSC-CLCH,CSC-CLCH,,,Centro Substrati Cellulari: Cell Lines Collection and Hybridomas,2016-05-04 11:11:51
167,CSMA,CSMA,,,Centro di Studio dei Microorganismi Autotrofi - CNR,2016-05-04 11:11:51
168,CSUR,CSUR,,,Collection de Souches de l'Unite des Rickettsies,2016-05-04 11:11:51
170,CUC,CUC,,,Cepario de la Universidad de Concepcion de Chile,2016-05-04 11:11:51
171,CUHK,CUHK,http://www.cuhk.edu.hk/bio/,,"Biology Department, Chinese University of Hong Kong",2016-05-04 11:11:51
172,CVCC,CVCC,http://www.ivdc.gov.cn/,,China Veterinary Culture Collection,2016-05-04 11:11:51
173,CVCC,CVCC,,,Center for Veterinary Culture Collection,2016-05-04 11:11:51
174,CVCM,CVCM,,,Centro Venezolano de Colecciones de Microorganismos,2016-05-04 11:11:51
175,CWU-MACC,CWU-MACC,,,Herbarium of Kharkov University (CWU) - MicroAlgae Cultures Collection,2016-05-04 11:11:51
176,CY,CY,,,Centre des Yersinia,2016-05-04 11:11:51
177,CYIB-KSU-MGM,CYIB-KSU-MGM,,,Collection of Yeasts involved in Industrial Biotransformations,2016-05-04 11:11:51
178,DACT,DACT,,,Dept. Agricult. Chem. Technol.,2016-05-04 11:11:51
179,DAR,DAR,http://www.dpi.nsw.gov.au/aboutus/services/collections/cultures,,Plant Pathology Herbarium,2016-05-04 11:11:51
180,DBKKU1,DBKKU2,,,"Department of Biology, Faculty of Science",2016-05-04 11:11:51
181,DBKKU2,DBKKU3,,,"Department of Biology, Faculty of Science",2016-05-04 11:11:51
182,DBKKU3,DBKKU4,,,"Department of Biology, Faculty of Science",2016-05-04 11:11:51
183,DBM,DBM,,,Department of Biochemistry and Microbiology,2016-05-04 11:11:51
184,DBMU,DBMU,,,"Department of Biotechnology, Faculty of Science, Mahidol University",2016-05-04 11:11:51
185,DBMU2,DBMU3,,,"Department of Biotechnology, Faculty of Science",2016-05-04 11:11:51
186,DBMU2,DBMU3,,,"Department of Biotechnology, Faculty of Science, Mahidol University",2016-05-04 11:11:51
187,DBS,DBS,,,Department of Biological Culture Collection,2016-05-04 11:11:51
188,DBUM;IPT,DBUM;IPT,,,"Department of Biochemistry, Faculty of Medicine, University of Malaya",2016-05-04 11:11:51
189,DBUP,DBUP,,,Algal Culture Collection,2016-05-04 11:11:51
190,DBV,DBV,,,Division of Standardisation,2016-05-04 11:11:51
191,DBVPG,DBVPG,http://www.agr.unipg.it/dbvpg,,Industrial Yeasts Collection,2016-05-04 11:11:51
192,DE-CSIRO,DE-CSIRO,,,CSIRO Insect Pathogen Culture Collection,2016-05-04 11:11:51
193,DFF,DFF,,,"Forest Pathology Culture Collection, Pacific Forest Research Centre",2016-05-04 11:11:51
194,DFP,DFP,,,DFP Culture Collection,2016-05-04 11:11:51
195,DGUB,DGUB,,,"Department of Genetics, University of Bratislava",2016-05-04 11:11:51
196,DMBUK,DMBUK,,,Department of Microbiology,2016-05-04 11:11:51
197,DMCCUS,DMCCUS,,,School of Biological Sciences Culture Collection,2016-05-04 11:11:51
198,DMCMU2,DMCMU3,,,"Department of Microbiology, Faculty of Medicine",2016-05-04 11:11:51
199,DMCU,DMCU,,,"Microbiology Department, Faculty of Science",2016-05-04 11:11:51
200,DMIV,DMIV,,,Department of Microbiology and Immunology,2016-05-04 11:11:51
201,DMKKU1,DMKKU2,http://www.kku.ac.th/,,"Department of Microbiology, Faculty of Medicine",2016-05-04 11:11:51
202,DMKKU2,DMKKU3,,,"Department of Microbiology, Faculty of Medical Science",2016-05-04 11:11:51
203,DMKU,DMKU,,,"Department of Microbiology, Faculty of Science",2016-05-04 11:11:51
204,DMMU1,DMMU2,,,"Department of Microbiology, Faculty of Science",2016-05-04 11:11:51
205,DMMU3,DMMU4,,,"Department of Microbiology, Faculty of Medicine Siriraj Hospital",2016-05-04 11:11:51
206,DMPMC,DMPMC,,,Department of Microbiology,2016-05-04 11:11:51
207,DMSRDE,DMSRDE,,,DMSRDE Culture Collection,2016-05-04 11:11:51
208,DMST,DMST,http://geocities.com/dmst_cc,,Department of Medical Sciences Culture Collection,2016-05-04 11:11:51
209,DMUIJ,DMUIJ,,,Department of Microbiology,2016-05-04 11:11:51
210,DMUP,DMUP,,,Microbiology and Biophysics Charles University,2016-05-04 11:11:51
211,DMVB,DMVB,,,"Department of Microbiology, Veterinary Branch of National Strain Collection",2016-05-04 11:11:51
212,DPUA,DPUA,,,Departamento de Patologia/ICB,2016-05-04 11:11:51
213,DSC,DSC,http://www.dictybase.org/StockCenter/StockCenter.html,,Dicty Stock Center,2016-05-04 11:11:51
214,DSMZ,DSM,http://www.dsmz.de/,https://www.dsmz.de/collection/catalogue/details/culture/DSM-#####CULCOLNO#####,DSMZ-Deutsche Sammlung von Mikroorganismen und Zellkulturen GmbH,2019-08-21 09:47:20
215,DUM,DUM,,,Delhi University Mycological Herbarium,2016-05-04 11:11:51
216,DVBID,DVBID,,,Division Vector-Borne Infectious Diseases,2016-05-04 11:11:51
217,DWT,DWT,,,Wood Technology and Forest Research Division,2016-05-04 11:11:51
218,EATRO,EATRO,,,Uganda Trypanosomiasis Research Organization,2016-05-04 11:11:51
219,ECACC,ECACC,http://www.ecacc.org.uk/,,European Collection of Cell Cultures,2016-05-04 11:11:51
220,EGE-MACC,EGE-MACC,http://ebiltem.ege.edu.tr/ege-macc/,,Ege - Microalgae Culture Collection,2016-05-04 11:11:51
221,EMCC,EMCC,,,Egypt Microbial Culture Collection,2016-05-04 11:11:51
222,EMPARN,EMPARN,,,Empresa de Pesquisa Agropecuaria do Rio Grande do Norte,2016-05-04 11:11:51
223,EMTC,EMTC,http://www.niboch.nsc.ru/,,Collection for extremophile microorganisms and type cultures,2016-05-04 11:11:51
224,ENCB-IPN,ENCB-IPN,,,Coleccion de cultivos de la Escuela Nacional de Ciencias Biologicas,2016-05-04 11:11:51
225,ERAEP,ERAEP,,,"Radiation Ecology Section, Biological Science Division, Office of Atomic Energy for Peace",2016-05-04 11:11:51
226,ESAP,ESAP,,,Instituto Zimotecnico-Z,2016-05-04 11:11:51
227,EUSL,EUSL,,,Eastern University,2016-05-04 11:11:51
228,FACHB,FACHB,http://algae.ihb.ac.cn/,,Freshwater Algae Culture Collection,2016-05-04 11:11:51
230,FBGMU,FBGMU,,,Faculty of Biology Gadjah Mada University,2016-05-04 11:11:51
231,FCBP,FCBP,http://pu.edu.pk/mpp/,,First Fungal Culture Bank of Pakistan,2016-05-04 11:11:51
232,FCBP,FCBP,http://www.pu.edu.pk/mppl/,,First fungal culture bank of Pakistan,2016-05-04 11:11:51
233,FCT,FCT,,,FCT,2016-05-04 11:11:51
234,FCUG,FCUG,http://www.systbot.gu.se/database/FCUG/FCUG.html,,Fungal Cultures University of Goteborg,2016-05-04 11:11:51
235,FFF,FFF,,,UPCC Ukranian Private Culture collection,2016-05-04 11:11:51
236,FGSC,FGSC,http://www.fgsc.net/,,Fungal Genetics Stock Center,2016-05-04 11:11:51
237,Fiocruz/CBAM,Fiocruz/CBAM,http://cbam.fiocruz.br/,,Colecao de Bacterias da Amazonia,2016-05-04 11:11:51
238,Fiocruz/CBMA,Fiocruz/CBMA,http://cbma.fiocruz.br/,,Colecao de Bacterias da Mata Atlantica,2016-05-04 11:11:51
239,Fiocruz/CCBS,Fiocruz/CCBS,http://ccbs.fiocruz.br/,,"Colecao de Culturas de Bacterias de Interesse em Saude, Bacterial Culture Collections of Health Importance",2016-05-04 11:11:51
240,Fiocruz/CCFF,Fiocruz/CCFF,http://ccff.fiocruz.br/,,Colecao de Culturas de Fungos Filamentosos,2016-05-04 11:11:51
241,Fiocruz/CCGB,Fiocruz/CCGB,http://ccgb.fiocruz.br/,,Colecao de Culturas do Genero Bacillus e Generos Correlatos,2016-05-04 11:11:51
242,Fiocruz/CFAM,Fiocruz/CFAM,http://cfam.fiocruz.br/,,Colecao de Fungos da Amazonia,2016-05-04 11:11:51
243,Fiocruz/CFP,Fiocruz/CFP,http://cfp.fiocruz.br/,,Colecao de Fungos Patogenicos,2016-05-04 11:11:51
244,Fiocruz/CLIOC,Fiocruz/CLIOC,http://clioc.fiocruz.br/,,Colecao de Leishmania do Instituto Oswaldo Cruz,2016-05-04 11:11:51
245,Fiocruz/CMRVS,Fiocruz/CMRVS,http://sicol.cria.org.br/crb,,Colecao de Microrganismos de Referencia em Vigilancia Sanitaria,2016-05-04 11:11:51
246,Fiocruz/CMT,Fiocruz/CMT,http://cmt.fiocruz.br/,,Colecao Micologica de Trichocomaceae,2016-05-04 11:11:51
247,Fiocruz/COLTRYP,Fiocruz/COLTRYP,http://coltryp.fiocruz.br/,,"Colecao de Trypanosoma de Mamiferos Silvestres, Domesticos e Vetores",2016-05-04 11:11:51
248,FLACC,FLACC,,,Free-Living Amoebae Culture Collection,2016-05-04 11:11:51
249,FNCC,FNCC,,,Food and Nutrition Culture Collection,2016-05-04 11:11:51
250,FORDA-CC,FORDA-CC,,,FORDA Culture Collection for Microorganisms,2016-05-04 11:11:51
251,FRR,FRR,http://www.foodscience.afisc.csiro.au/fcc/,,"Food Science Australia, Ryde",2016-05-04 11:11:51
252,FSC,FSC,http://cfs.nrcan.gc.ca/regions/afc/,,Fredericton Stock Culture Collection,2016-05-04 11:11:51
253,FSU,FSU,http://www.prz.uni-jena.de/,,PRZ Pilz-Referenz-Zentrum (Fungal Reference Centre) Jena,2016-05-04 11:11:51
254,FTCC,FTCC,,,Food Technology Culture Collection,2016-05-04 11:11:51
255,FTCMU,FTCMU,,,"Department of Food Science and Technology, Faculty of Agriculture",2016-05-04 11:11:51
256,FTI,FTI,,,Centro de Biotecnologia e Quimica-CEBIQ,2016-05-04 11:11:51
257,FUSC,FUSC,,,Flinders University Smut Collection,2016-05-04 11:11:51
258,GAB,GAB,,,Greek Aquaculture Bacteria,2016-05-04 11:11:51
259,GAM,GAM,,,Grupo Actinomicetales Merida Facultad de Medicina,2016-05-04 11:11:51
260,GCL,GCL,,,Central Laboratories,2016-05-04 11:11:51
261,GDMCC,GDMCC,http://gimcc.net/,,Guangdong Culture Collection Centre of Microbiology,2016-05-04 11:11:51
262,GFCC,GFCC,,,Goa University Fungus Culture Collection and Research Unit,2016-05-04 11:11:51
263,GMACC,GMACC,,,Laboratory of Molecular Genetics and Breeding of Edible Mushrooms,2016-05-04 11:11:51
264,GNUHCCP,GNUHCCP,,,Gyeongsang National University Hospital Culture Collection for Pathogens,2016-05-04 11:11:51
265,GTC,GTC,http://www.gifu-u.ac.jp/,,Gifu University Type Culture Colelction,2016-05-04 11:11:51
266,GTC-GIFU,GTC-GIFU,http://microbiology.ms.gifu-u.ac.jp/,,"Gifu Type Culture Collection (GTC), Gifu University Culture Collection (GIFU)",2016-05-04 11:11:51
267,HAMBI,HAMBI,http://www.helsinki.fi/hambi/,,HAMBI Culture Collection,2016-05-04 11:11:51
268,HER,HER,http://www.phage.ulaval.ca/,,Felix d'Herelle Reference Center for Bacterial Viruses,2016-05-04 11:11:51
269,HKUCC,HKUCC,,,The University of Hong Kong Culture Collection,2016-05-04 11:11:51
270,HNCMB,HNCMB,,,Hungarian National Collection of Medical Bacteria,2016-05-04 11:11:51
271,HPKTCC,HPKTCC,http://helico.gsnu.ac.kr/,,Helicobacter pylori Korean Type Culture Collection,2016-05-04 11:11:51
272,HUKUK,HUKUK,,,Culture Collection of Animal Cells,2016-05-04 11:11:51
273,HUMB,HUMB,,,WFCC Estonian Human Microbiota Biobank,2016-05-04 11:11:51
274,HUT,HUT,http://home.hiroshima-u.ac.jp/hut/,,HUT Culture Collection,2016-05-04 11:11:51
275,IAFB,IAFB,http://www.ibprs.pl/,,Collection of Industrial Microorganisms,2016-05-04 11:11:51
276,IAL,IAL,http://www.ial.sp.gov.br/,,Nucleo de Colecao de Microrganismos,2016-05-04 11:11:51
277,IALMIC,IALMIC,,,Micoteca do Insituto Adolfo Lutz,2016-05-04 11:11:51
278,IAM,IAM,http://www.iam.u-tokyo.ac.jp/misyst/ColleBOX/IAMcollection.html,,IAM Culture Collection,2016-05-04 11:11:51
279,IBA,IBA,,,Collection of Microorganisms Producing Antibiotics,2016-05-04 11:11:51
280,IBRC,IBRC,http://www.ibrc.ir/,,Iranian Biological Resources Center,2016-05-04 11:11:51
281,IBSBF,IBSBF,,,Biological Institute Culture Collection of Phytopathogenic Bacteria,2016-05-04 11:11:51
282,IBT,IBT,http://www.biocentrum.dtu.dk/,,IBT Culture Collection of Fungi,2016-05-04 11:11:51
283,ICBB,ICBB,http://www.icbb.org/,,ICBB Culture Collection for Microorganisms and Cell Culture,2016-05-04 11:11:51
284,ICCF,ICCF,,,Collection of Industrial Microorganisms,2016-05-04 11:11:51
285,ICFC,ICFC,,,IIB-INTECH Collection of Fungal Cultures,2016-05-04 11:11:51
286,ICMP,ICMP,http://www.landcareresearch.co.nz/databases/db_details.asp?Database_Collection_ID=6,,International Collection of Microorganisms from Plants,2016-05-04 11:11:51
287,IE,IE,,,Cepario de Hongos del Instituto de Ecologia,2016-05-04 11:11:51
288,IEAPM,IEAPM,,,"""Instituto de Estudos do Mar """"Almirante Paulo Moreira""""""",2016-05-04 11:11:51
289,IEBC,IEBC,,,International Entomopathogenic Bacillus Centre (WHO),2016-05-04 11:11:51
290,IEGM,IEGM,http://www.ecology.psu.ru/iegmcol/,,Regional Specialized Collection of Alkanotrophic Microorganisms,2016-05-04 11:11:51
291,"IEKC, SSI","IEKC, SSI",http://www.ssi.dk/sw1397.asp,,The International Escherichia and Klebsiella Centre (WHO),2016-05-04 11:11:51
292,IFAM,IFAM,,,Institut fur Allgemeine Mikrobiologie,2016-05-04 11:11:51
293,IFBM,IFBM,,,Streptokokken Sammlung,2016-05-04 11:11:51
294,IFM,IFM,http://www.ifmqs.com.au/,,IFM Quality Services Pty Ltd,2016-05-04 11:11:51
295,IFM,IFM,http://www.pf.chiba-u.ac.jp/engli07.html,,"Research Center for Pathogenic Fungi and Microbial Toxicoses, Chiba University",2016-05-04 11:11:51
296,IFO,IFO,http://www.ifo.or.jp/index_e.html,,"Institute for Fermentation, Osaka",2016-05-04 11:11:51
297,IFRPD,IFRPD,,,"Institute of Food Research and Product Development, Kasetsart University",2016-05-04 11:11:51
298,IGC,IGC,,,Portuguese Yeast Culture Collection,2016-05-04 11:11:51
299,IGESALQ,IGESALQ,,,Colecao Microorganismos,2016-05-04 11:11:51
300,IIBM-UNAM,IIBM-UNAM,,,Industrial Culture Collection,2016-05-04 11:11:51
301,IID,IID,http://www.ims.u-tokyo.ac.jp/bac/kinkabu00309/home.html,,Laboratory Culture Collection,2016-05-04 11:11:51
302,IMD,IMD,,,Industrial Microbiology Dublin,2016-05-04 11:11:51
303,IMI,IMI,http://www.cabi.org/,,CABI Genetic Resource Collection,2016-05-04 11:11:51
304,IMMH,IMMH,,,Collection of Animal Viruses,2016-05-04 11:11:51
305,IMOCC,IMOCC,http://www.imolabs.com/,,IMO Laboratories Microbial Culture Collection,2016-05-04 11:11:51
306,IMT,IMT,,,Micoteca do Instituto de Medicina Tropical de Sao Paulo,2016-05-04 11:11:51
307,IMVS,IMVS,,,IMVS Culture Collection,2016-05-04 11:11:51
308,IMYZA,IMYZA,,,Instituto de Microbiologia y Zoologia Agricola,2016-05-04 11:11:51
309,INDRE,INDRE,,,Pathogen Fungi and Actinomycetes Collection,2016-05-04 11:11:51
310,INIF,INIF,,,Coleccion de Microhongos,2016-05-04 11:11:51
311,INIFAT,INIFAT,http://www.inifat.esihabana.cu:300/,,INIFAT Fungus Collection,2016-05-04 11:11:51
312,INPA,INPA,,,Laboratorio de Micologia Medica Divisao de Microbiologia e Nutricao,2016-05-04 11:11:51
313,INRA,INRA,,,Microbiologie des Sols,2016-05-04 11:11:51
314,IOEB,IOEB,,,Bacterial Collection,2016-05-04 11:11:51
315,IOUSP,IOUSP,,,Marine Microalgae Culture Collection,2016-05-04 11:11:51
316,IPPAS,IPPAS,http://www.ippras.ru/,,Culture Collection of Microalgae IPPAS,2016-05-04 11:11:51
317,IPT,IPT,http://www.ipt.br/,,"Agrupamento de Biotecnologia, Culture Collection of Microorganisms",2016-05-04 11:11:51
318,IRAN,IRAN,http://www.iripp.ir/,,Iranian Fungal Culture Collection,2016-05-04 11:11:51
319,ISC,ISC,,,International Salmonella Centre (W.H.O.),2016-05-04 11:11:51
320,ISRI,ISRI,,,"Indonesian Sugar Research Institute, Pusat Penelitian Perkebunan Gula Indonesia",2016-05-04 11:11:51
321,ISS,ISS,http://www.soilinst.co.yu/,,Collection of Bacteria,2016-05-04 11:11:51
322,ITAL,ITAL,,,Banco de Fermentos Lacticos,2016-05-04 11:11:51
323,ITALSL,ITALSL,,,Secao de Leite e Derivados,2016-05-04 11:11:51
324,ITALSM,ITALSM,,,Secao de Microbiologia,2016-05-04 11:11:51
325,ITBCC,ITBCC,,,Institute of Technology Bandung Culture Collection,2016-05-04 11:11:51
326,ITCC,ITCC,,,Indian Type Culture Collection,2016-05-04 11:11:51
327,ITD,ITD,,,Coleccion de Cepas Microbianas,2016-05-04 11:11:51
328,ITDI,ITDI,,,Industrial Technology Development Institute,2016-05-04 11:11:51
329,ITG,ITG,,,ITG,2016-05-04 11:11:51
330,ITH,ITH,http://www.kit.nl/biomedical_research,,W.H.O./F.A.O. Collaborating Centre for Reference and Research on Leptospirosis,2016-05-04 11:11:51
331,IZ,IZ,,,Departamento de Tecnologia Rural,2016-05-04 11:11:51
332,JCM,JCM,http://www.jcm.riken.jp/,http://www.jcm.riken.jp/cgi-bin/jcm/jcm_number?JCM=#####CULCOLNO#####,Japan Collection of Microorganisms,2016-03-22 14:32:03
333,JCT,JCT,,,James Cook Townsville,2016-05-04 11:11:51
334,KACC,KACC,http://kacc.rda.go.kr/,,"KACC, Korean Agricultural Culture Collection",2016-05-04 11:11:51
335,KBPV,KBPV,,,KBPV Korean Bank for Pathogenic Virus,2016-05-04 11:11:51
336,KCCC,KCCC,,,Culture Collection of Soybean Rhizobia and Green Microalgae,2016-05-04 11:11:51
337,KCLB/ KCLRF,KCLB/ KCLRF,http://cellbank.snu.ac.kr/,,Korean Cell Line Bank/ Korean Cell Line Research Foundation,2016-05-04 11:11:51
338,KCTC,KCTC,http://www.brc.re.kr/English/ekctc.aspx,,KCTC Korean Collection for Type Cultures,2016-05-04 11:11:51
339,KEMC,KEMC,http://www.kbem.or.kr/,,KEMC Korea Environmental Microorganism Center,2016-05-04 11:11:51
340,KEMH,KEMH,,,KEMH/PMH Culture collection,2016-05-04 11:11:51
341,KFCC,KFCC,,,Korean Federation of Culture Collection,2016-05-04 11:11:51
342,KKU,KKU,,,MICKKU Culture Collection,2016-05-04 11:11:51
343,KMCC,KMCC,http://www.kmcc.re.kr/,,Korea Marine Microalgae Culture Center,2016-05-04 11:11:51
344,KMM,KMM,,,Collection of Marine Microorganisms,2016-05-04 11:11:51
345,KOS,KOS,,,Collection of Salmonella Microorganisms,2016-05-04 11:11:51
346,KPB,KPB,http://prostatebank.or.kr/,,Prostate Tissue and microorganism,2016-05-04 11:11:51
347,KUFC,KUFC,,,"Kasetsart University Fungus Collection, Department of Plant Pathology, Faculty of Agriculture",2016-05-04 11:11:51
348,KUKENS,KUKENS,,,Centre for Research and Application of Culture Collections of Microorganisms,2016-05-04 11:11:51
349,KVCC,KVCC,http://anikin.nvrqs.go.kr/,,Korean Veterinary Culture Collection,2016-05-04 11:11:51
350,LBM,LBM,,,Laboratorio de Biologia Molecula Depto de Biologia Celular,2016-05-04 11:11:51
351,LCC,LCC,,,"Labatt Culture Collection, Technology Development",2016-05-04 11:11:51
352,LCC,LCC,,,University of Warmia and Mazury in Olsztyn,2016-05-04 11:11:51
353,LCP,LCP,,,"Fungal Strain Collection, Laboratory of Cryptogamy",2016-05-04 11:11:51
354,LE,LE,,,Servico de Microbiologia e Imunologia,2016-05-04 11:11:51
355,LeishCryoBank,LeishCryoBank,http://www.parasitologie.univ-montp1.fr/catalogue_list.asp,,International Cryobank of Leishmania,2016-05-04 11:11:51
356,LGM-USP,LGM-USP,,,Departamento de Microbiologia Lab. de Genetica de Microrganismos,2016-05-04 11:11:51
357,LIH-UNAM,LIH-UNAM,http://www.histoplas-mex.unam.mx/,,"Culture Collection of Histoplasma capsulatum Strains from the Fungal Immunology Laboratory of the Department of Microbiology and Parasitology, Faculty of Medicine, UNAM",2016-05-04 11:11:51
358,LIPIMC,LIPIMC,,,"Lembaga Ilmu Pengetahuan Indonesia, Indonesian Institute for Sciences",2016-05-04 11:11:51
359,LIPP,LIPP,,,Leptospirotheque,2016-05-04 11:11:51
360,LJC,LJC,,,Coleccion de fitopatogenos de cultivos horticolas,2016-05-04 11:11:51
361,LMCH,LMCH,,,Laboratoire de Microbiologie,2016-05-04 11:11:51
362,BCCM,LMG,http://bccm.belspo.be/index.php,http://bccm.belspo.be/catalogues/lmg-search-results?LIST3=STRNUM&TEXT3=#####CULCOLNO#####&FIRSTITEM=1&CONJ=OR&RANGE=20&B3=Run+Query,Belgian Coordinated Collections of Microorganisms/ LMG Bacteria Collection,2016-03-22 14:32:03
363,BCCM,BCCM,http://bccm.belspo.be/index.php,,Belgian Coordinated Collections of Microorganisms/ LMG Bacteria Collection,2016-05-04 11:34:38
364,LMS,LMS,http://www.carolina.com/,,Carolina Biological Supply Company,2016-05-04 11:11:51
365,LOCK,LOCK,,,Centre of Industrial Microorganisms Collection,2016-05-04 11:11:51
366,LSTM,LSTM,,,Department of Parasitology,2016-05-04 11:11:51
367,LTI,LTI,,,Cryobank of Microorganisms-Destructors,2016-05-04 11:11:51
368,LYCC,LYCC,,,Lallemand Yeast Culture Collection,2016-05-04 11:11:51
369,MAFF,MAFF,http://www.gene.affrc.go.jp/about-micro_en.php,,"MAFF Genebank Project, Ministry of Agriculture, Forestry and Fisheries",2016-05-04 11:11:51
370,MAO,MAO,,,Mircen Afrique Ouest,2016-05-04 11:11:51
371,MAR,MAR,,,Grasslands Rhizobium Collection,2016-05-04 11:11:51
372,MBIC,MBIC,http://www.mbio.jp/mbic/,,Marine Biotechnology Institute Culture Collection,2016-05-04 11:11:51
373,MBMU,MBMU,,,IMBG,2016-05-04 11:11:51
374,MCC,MCC,http://www.nccs.res.in/,,Microbial Culture Collection,2016-05-04 11:11:51
375,MCC-UPLB,MCC-UPLB,,,Microbial Culture Collection,2016-05-04 11:11:51
376,MCCBGHO,MCCBGHO,http://www.geologia.unam.mx/igl/index.php?option=com_content&view=category&layout=blog&id=79&Itemid=,,Banco de Germoplasma de hongos micorrizicos orquideoides,2016-05-04 11:11:51
377,MCCM,MCCM,,,Medical Culture Collection Marburg,2016-05-04 11:11:51
378,MCI,MCI,,,Microbial collection of Iran,2016-05-04 11:11:51
379,MCITM,MCITM,,,Bacterial Culture Collection,2016-05-04 11:11:51
380,MCM,MCM,,,MACS Collection of Microorganisms,2016-05-04 11:11:51
381,MDC,MDC,http://www.sci.am/resorgs.php?oid=18&langid=1,,Microbial Depository Center,2016-05-04 11:11:51
382,MEAN,MEAN,,,Micoteca da Estacao Agronomica Nacional,2016-05-04 11:11:51
383,mfcc,mfcc,http://www.mycolo.co.il/,,mycolo fungal culture collection,2016-05-04 11:11:51
384,MHH,MHH,,,Institute of Virology,2016-05-04 11:11:51
385,Micoteca IAL,Micoteca IAL,,,Micoteca do Instituto Adolfo Lutz,2016-05-04 11:11:51
386,MLLD,MLLD,,,"Microbiological Research Laboratory, Soil and Water Section, Department of Land Development",2016-05-04 11:11:51
387,MLMJI,MLMJI,http://www.mju.ac.th/,,"Department of Plant Protection, Faculty of Agricultural Production",2016-05-04 11:11:51
388,MLRU,MLRU,,,"Microbiology Laboratory, Department of Biology, Faculty of Science",2016-05-04 11:11:51
389,MMBF,MMBF,,,Micoteca Mario Barreto Figueiredo,2016-05-04 11:11:51
390,MML,MML,,,Medical Microbiological Laboratory,2016-05-04 11:11:51
391,MOLA,MOLA,,,Collection of Microbial Observatory Laboratoire Arago,2016-05-04 11:11:51
392,MPKV,MPKV,,,Biological Nitrogen Fixation Project College of Agriculture,2016-05-04 11:11:51
393,MPSU,MPSU,,,Department of Microbiology,2016-05-04 11:11:51
394,MRC,MRC,,,TUBITAK Marmara Research Center Culture Collection,2016-05-04 11:11:51
395,MSCL,MSCL,http://mikro.daba.lv/,,Microbial Strain Collection of Latvia,2016-05-04 11:11:51
396,MSCMU,MSCMU,,,"Microbiology Section, Chiang Mai University (MSCMU)",2016-05-04 11:11:51
397,MSDS,MSDS,,,"Microbiology Section, Biological Science Division, Department of Science Services",2016-05-04 11:11:51
398,MSPP,MSPP,,,"Mycology Section, Plant Pathology and Microbiology Division, Department of Agricultural Science",2016-05-04 11:11:51
399,MSU,MSU,,,Acetobacter,2016-05-04 11:11:51
400,MTCC,MTCC,http://www.imtech.ernet.in/mtcc/,,Microbial Type Culture Collection & Gene Bank,2016-05-04 11:11:51
401,MTKKU,MTKKU,,,"Department of Clinical Microbiology, Faculty of Medical Technology",2016-05-04 11:11:51
402,MU,MU,,,Mugla University Collection of Microorganisms,2016-05-04 11:11:51
403,MUACC,MUACC,,,Murdoch University Algal Culture Collection,2016-05-04 11:11:51
404,MUCL,MUCL,http://www.belspo.be/bccm,,Mycotheque de l'Universite catholique de Louvain,2016-05-04 11:11:51
405,MUL,MUL,,,Department of Microbiology MUL-B 250,2016-05-04 11:11:51
406,MUM,MUM,http://www.micoteca.deb.uminho.pt/,,Micoteca da Universidade do Minho,2016-05-04 11:11:51
407,MUT,MUT,http://www.bioveg.unito.it/,,Mycotheca Universitatis Taurinensis,2016-05-04 11:11:51
408,MZKI,MZKI,,,Microbial Culture Collection of National Institute of Chemistry,2016-05-04 11:11:51
409,NBIMCC,NBIMCC,http://www.nbimcc.org/,,National Bank for Industrial Microorganisms and Cell Cultures,2016-05-04 11:11:51
410,NBRC,NBRC,http://www.nite.go.jp/en/nbrc/cultures/index.html,http://www.nbrc.nite.go.jp/NBRC2/NBRCCatalogueDetailServlet?ID=NBRC&CAT=#####CULCOLNO#####,NITE Biological Resource Center,2016-05-04 16:08:59
411,NCAIM,NCAIM,http://ncaim.uni-corvinus.hu/,,National Collection of Agricultural and Industrial Microorganisms,2016-05-04 11:11:51
412,NCAM,NCAM,,,National Collection of Agricultural Microorganisms,2016-05-04 11:11:51
413,NCB,NCB,,,National Culture Bank,2016-05-04 11:11:51
414,NCC,NCC,,,Nantes Culture Collection,2016-05-04 11:11:51
415,NCC,NCC,,,NIZO culture collection,2016-05-04 11:11:51
416,NCCB,NCCB,http://www.cbs.knaw.nl/nccb,,"NCCB, the Netherlands Culture Collection of Bacteria (formerly LMD and Phabagen Collection)",2016-05-04 11:11:51
417,NCCP,NCCP,,,National Culture Collection for Pathogens,2016-05-04 11:11:51
418,NCDC,NCDC,http://www.ndri.res.in/,,National Collection of Dairy Cultures,2016-05-04 11:11:51
419,NCIM,NCIM,http://www.ncl-india.org/ncim/,,National Collection of Industrial Microorganisms,2016-05-04 11:11:51
420,NCIMB,NCIMB,http://www.ncimb.co.uk/,,National Collections of Industrial Food and Marine Bacteria (incorporating the NCFB),2016-05-04 11:11:51
421,NCPF,NCPF,,,National Collection of Pathogenic Fungi,2016-05-04 11:11:51
422,NCPPB,NCPPB,http://www.ncppb.com/,,National Collection of Plant Pathogenic Bacteria,2016-05-04 11:11:51
423,NCPV,NCPV,http://www.hpa.org.uk/business/ncpv.htm,,National Collection of Pathogenic Viruses,2016-05-04 11:11:51
424,NCSC,NCSC,,,"National Center of Streptococcus Collection, Department of Microbiology, Faculty of Medical Science",2016-05-04 11:11:51
425,NCTC,NCTC,http://www.hpacultures.org.uk/,http://www.hpacultures.org.uk/products/bacteria/detail.jsp?refId=NCTC+#####CULCOLNO#####&amp;collection=nctc,National Collection of Type Cultures,2016-03-22 14:32:03
426,NCWRF,NCWRF,http://www.cabi.org/,,National Collection of Wood Rotting Fungi,2016-05-04 11:11:51
427,NCYC,NCYC,http://www.ifr.bbsrc.ac.uk/ncyc/,,National Collection of Yeast Cultures,2016-05-04 11:11:51
428,NEPCC,NEPCC,,,North East Pacific Culture Collection,2016-05-04 11:11:51
429,NFCCI,NFCCI,http://www.aripune.org/,,National Fungal Culture Collection of India,2016-05-04 11:11:51
431,NFCCP,NFCCP,,,National Fungal Culture Collection of Pakistan,2016-05-04 11:11:51
432,NGR,NGR,,,Plant Pathology,2016-05-04 11:11:51
433,NIAH,NIAH,http://niah.naro.affrc.go.jp/index.html,,National Institute of Animal Health,2016-05-04 11:11:51
434,NIBH,NIBH,,,National Institute of Bioscience and Human-Technology,2016-05-04 11:11:51
435,NIES,NIES,http://mcc.nies.go.jp/,,Microbial Culture Collection at National Institute for Environmental Studies,2016-05-04 11:11:51
436,NIICC,NIICC,http://www.niist.res.in/,,NII Microbial Culture Collection,2016-05-04 11:11:51
437,NIVA,NIVA,,,Culture Collection of Algae (NIVA),2016-05-04 11:11:51
438,NKA,NKA,,,Nationales Konsiliarlabor fur Adenoviren,2016-05-04 11:11:51
439,NMCC,NMCC,,,North Maharashtra Microbial Culture Collection Centre,2016-05-04 11:11:51
440,NML-HCCC,NML-HCCC,,,National Microbiology Laboratory Health Canada Culture Collections,2016-05-04 11:11:51
441,NoF,NoF,,,The Fungus Culture Collection of the Northern Forestry Centre,2016-05-04 11:11:51
442,NPP,NPP,,,N.P.P,2016-05-04 11:11:51
443,NRIC,NRIC,,,Nodai Research Institute Culture Collection,2016-05-04 11:11:51
444,NRL,NRL,,,Neisseria Reference Laboratory,2016-05-04 11:11:51
445,NRPSU,NRPSU,,,"Department of Agro-industry, Faculty of Natural Resources",2016-05-04 11:11:51
446,NRRL,NRRL,http://nrrl.ncaur.usda.gov/,https://nrrl.ncaur.usda.gov/cgi-bin/usda/prokaryote/report.html?nrrlcodes=#####CULCOLNO#####,Agricultural Research Service Culture Collection,2019-08-27 12:36:11
447,NSCNFB,NSCNFB,,,Novi Sad Collection of Nitrogen Fixing Bacteria,2016-05-04 11:11:51
448,NTCCI,NTCCI,,,"Culture Collection, Microbiology and Cell Biology Laboratory",2016-05-04 11:11:51
449,NU,NU,,,"Department of Microbiology, Faculty of Science",2016-05-04 11:11:51
450,NUA,NUA,,,"Department of Microbiology, National University of Athens",2016-05-04 11:11:51
451,NUSDM,NUSDM,,,Department of Microbiology,2016-05-04 11:11:51
452,NZFS,NZFS,http://www.foresthealth.co.nz/,,Forest Research Culture Collection,2016-05-04 11:11:51
453,NZRD,NZRD,,,"New Zealand Reference Culture Collection of Microorganisms, Dairy Section",2016-05-04 11:11:51
454,NZRM,NZRM,,,"New Zealand Reference Culture Collection, Medical Section",2016-05-04 11:11:51
455,NZRP,NZRP,,,New Zealand Reference Culture Collection and Soil Section,2016-05-04 11:11:51
456,OCM,OCM,http://methanogens.pdx.edu/,,Oregon Collection of Methanogens,2016-05-04 11:11:51
457,OUT,OUT,,,Department of Biotechnology,2016-05-04 11:11:51
458,PBCC,PBCC,,,Petroleum Biotechnology Culture Collection,2016-05-04 11:11:51
459,PBF,PBF,,,Perum Bio Farma,2016-05-04 11:11:51
460,PCC,PCC,http://www.crbip.pasteur.fr/,,Pasteur Culture Collection of Cyanobacteria,2016-05-04 11:11:51
461,PCM,PCM,,,Polish Collection of Microorganisms,2016-05-04 11:11:51
462,PCU,PCU,,,"Department of Microbiology, Faculty of Pharmaceutical Sciences",2016-05-04 11:11:51
463,PD,PD,,,Culture Collection of Plant Pathogenic Bacteria,2016-05-04 11:11:51
464,PGC,PGC,,,Peterhof Genetic Collection of Microalgae,2016-05-04 11:11:51
465,PHBL,PHBL,,,Philip Harris Biological Ltd.,2016-05-04 11:11:51
466,PIR,PIR,,,Bulgarian Research Culture Collection,2016-05-04 11:11:51
467,PLY,PLY,http://www.mba.ac.uk/culturecollection.php,,Plymouth Algal Culture Collection,2016-05-04 11:11:51
468,PNCM-BIOTECH,PNCM-BIOTECH,http://www.laguna.net/biotech/,,Philippine National Collection of Microorganisms,2016-05-04 11:11:51
469,PPCC,PPCC,,,Plant Pathology Culture Collection,2016-05-04 11:11:51
470,PPIHAS,PPIHAS,,,Mycology Collection,2016-05-04 11:11:51
471,PPKMI,PPKMI,,,"Plant Production Technology Department, Faculty of Agricultural Technology",2016-05-04 11:11:51
472,PPKU1,PPKU2,,,"Department of Plant Pathology, Faculty of Agriculture",2016-05-04 11:11:51
473,PPKU2,PPKU3,,,"Department of Plant Pathology, Faculty of Agriculture",2016-05-04 11:11:51
474,PPKU3,PPKU4,,,"Department of Plant Pathology, Faculty of Agriculture",2016-05-04 11:11:51
475,PPKU4,PPKU5,,,"Department of Plant Pathology, Faculty of Agriculture",2016-05-04 11:11:51
476,PPKU5,PPKU6,,,"Department of Plant Pathology, Faculty of Agriculture",2016-05-04 11:11:51
477,PPKU6,PPKU7,,,"Department of Plant Pathology, Faculty of Agriculture",2016-05-04 11:11:51
478,PPPPB,PPPPB,,,South African Plant Pathogenic and Plant Protecting Bacteria,2016-05-04 11:11:51
479,PPRI,PPRI,,,National Collections of Fungi: Culture Collection,2016-05-04 11:11:51
480,PROIMI,PROIMI,,,Planta Piloto de Procesos Industriales Microbiologicos,2016-05-04 11:11:51
481,PTCC,PTCC,,,Pakistan Type Culture Collections,2016-05-04 11:11:51
482,PTCCI,PTCCI,,,Persian Type Culture Collection,2016-05-04 11:11:51
483,PTTC,PTTC,,,"Pranakorn Teacher Training College, Department of Biology, Faculty of Science and Technology",2016-05-04 11:11:51
484,PVF,PVF,,,Pusat Veterinaria Farma,2016-05-04 11:11:51
485,PVGB,PVGB,http://www.virusbank.org/,,Plant Virus GenBank,2016-05-04 11:11:51
486,RBCAR,RBCAR,http://www.rbcar.ro/,,Romanian Bioresource Centre and Advanced Research,2016-05-04 11:11:51
487,RCAM,RCAM,http://www.arriam.spb.ru/,,Russian Collection of Agricultural Microorganisms,2016-05-04 11:11:51
488,RCAT,RCAT,,,Regional Collection of Animal Viruses and Tissue Cultures,2016-05-04 11:11:51
489,RCB,RCB,http://www.riken.go.jp/r-world/research/lab/tsukuba/gene/cell/index.html,,RIKEN Cell Bank,2016-05-04 11:11:51
490,RCC,RCC,http://www.sb-roscoff.fr/Phyto/collect.html,,Roscoff Culture Collection,2016-05-04 11:11:51
491,RHMU,RHMU,,,"Department of Pathology, Faculty of Medical Science, Ramathibordi Hospital",2016-05-04 11:11:51
492,RIA,RIA,,,The Russia Research Institute for Antibiotics Culture Collection,2016-05-04 11:11:51
493,RIB,RIB,http://www.nrib.go.jp/,,National Research Institute of Brewing,2016-05-04 11:11:51
494,RIBM,RIBM,,,Research Institute for Brewing and Malting,2016-05-04 11:11:51
495,RIFY,RIFY,http://www.wine.yamanashi.ac.jp/iev/E-IEV.html,,Institute of Enology and Viticulture,2016-05-04 11:11:51
496,RIMD,RIMD,http://rceid.biken.osaka-u.ac.jp/,,"Research Institute for Microbial Diseases, Research Center for Emerging Infectious Diseases",2016-05-04 11:11:51
497,RIPO,RIPO,http://www.plant.wageningen-ur.nl/products,,Plant Virus Collection,2016-05-04 11:11:51
498,RITFC,RITFC,,,Research Institute for Tobacco and Fibre Crops,2016-05-04 11:11:51
499,RIVE,RIVE,,,Research Institute for Viticulture and Enology,2016-05-04 11:11:51
500,RKM,RKM,,,The Republic collection of microorganisms,2016-05-04 11:11:51
501,RM,RM,,,Rumen Microorganisms,2016-05-04 11:11:51
502,RRIASR,RRIASR,,,Fungal Pathogens of Hevea Rubber in Sri Lanka,2016-05-04 11:11:51
503,RRJ,RRJ,http://www.rrj.org.in/,,"RRL , Jammu INDIA",2016-05-04 11:11:51
504,RSCS,RSCS,,,Medical Culture Collection,2016-05-04 11:11:51
505,RSKK,RSKK,http://www.rshm.saglik.gov.tr/,,Refik Saydam National Type Culture Collection-RSKK,2016-05-04 11:11:51
506,RV,RV,,,Collection of Leptospira Strains,2016-05-04 11:11:51
507,RYCASI,RYCASI,http://www.ica.inf.cu/,,Rumen Yeast Collection of Animal Science Institute,2016-05-04 11:11:51
508,RYCC,RYCC,,,Roseworthy Yeast Culture Collection,2016-05-04 11:11:51
509,SAG,SAG,http://epsag.uni-goettingen.de/,,Sammlung von Algenkulturen at University of Goettingen,2016-05-04 11:11:51
510,SAITP,SAITP,,,"School of Pharmacy and Medical Sciences, University of South Australia",2016-05-04 11:11:51
511,SARCC,SARCC,http://www.arc.agric.za/,,South African Rhizobium Culture Collection,2016-05-04 11:11:51
512,SBSFU,SBSFU,,,School of Biological Sciences,2016-05-04 11:11:51
513,SCCAP,SCCAP,http://www.sccap.dk/,,Scandinavian Culture Collection of Algae & Protozoa,2016-05-04 11:11:51
514,SCCM,SCCM,http://www.sporometrics.com/,,Sporometrics Culture Collection of Microorganisms,2016-05-04 11:11:51
515,SEAMEO,SEAMEO,,,Seameo-Biotrop,2016-05-04 11:11:51
516,SEMIA,SEMIA,,,Colecao de Culturas de Rhizobium da Fepagro,2016-05-04 11:11:51
517,SGSC,SGSC,http://www.ucalgary.ca/~kesander,,Salmonella Genetic Stock Centre,2016-05-04 11:11:51
518,SKUK,SKUK,,,Simpanan Kultur Universiti Kebangsaan,2016-05-04 11:11:51
519,SMIP,SMIP,,,Secao de Maricultura,2016-05-04 11:11:51
520,SMRG,SMRG,,,"Soil Microbiology Research Group, Division of Soil Science, Department of Agriculture",2016-05-04 11:11:51
521,SMTWA,SMTWA,,,School of Medical Technology Western Australia,2016-05-04 11:11:51
522,Soley,Soley,http://www.algaeinstitute.com/,,Microalgae Culture Collection,2016-05-04 11:11:51
523,SPMCC,SPMCC,,,Sungei Putih Microbial Culture Collection,2016-05-04 11:11:51
524,SRAICC,SRAICC,http://www.srai.kz/,,SRAI's culture collection,2016-05-04 11:11:51
525,SRRC,SRRC,http://msa.ars.usda.gov/la/srrc/index.htm,,"United States Department of Agriculture, Agricultural Research Service",2016-05-04 11:11:51
526,SSCMU,SSCMU,,,Soil Science and Conservation Department Faculty of Agriculture,2016-05-04 11:11:51
527,SSKKU,SSKKU,,,"Department of Soil Science, Faculty of Agriculture",2016-05-04 11:11:51
528,SSMJI,SSMJI,,,"Science Section, Department of General Education, Faculty of Agricultural Business",2016-05-04 11:11:51
529,SUFAKM,SUFAKM,,,SUFAK Bacteria Collection,2016-05-04 11:11:51
530,SVCK,SVCK,http://www.rrz.uni-hamburg.de/biologie/b_online/d44_1/44_1.htm,,Sammlung von Conjugaten Kulturen,2016-05-04 11:11:51
531,SVIEC,SVIEC,,,Secao de Virus,2016-05-04 11:11:51
532,SWU2,SWU3,,,"Department of Biology, Faculty of Science",2016-05-04 11:11:51
533,TAUFCC,TAUFCC,,,Fungal Culture Collection,2016-05-04 11:11:51
534,TCC/USP,TCC/USP,,,Trypanosomatid Culture Collection,2016-05-04 11:11:51
535,TCFB,TCFB,,,Tasmanian Collection of Fish Bacteria,2016-05-04 11:11:51
536,TCMM,TCMM,,,"Thai Collection of Medical Microorganism, Department of Pathology, Faculty of Veterinary Science",2016-05-04 11:11:51
537,TDRTBST,TDRTBST,,,TDR tuberculosis strain bank,2016-05-04 11:11:51
538,TFC,TFC,http://www.zbi.ee/,,Tartu Fungal Culture Collection,2016-05-04 11:11:51
539,TFC,TFC,,,Tartu Fungal Collections,2016-05-04 11:11:51
540,TIMM,TIMM,http://timm.main.teikyo-u.ac.jp/web/TIMM.English.html,,Institute of Medical Mycology,2016-05-04 11:11:51
541,TISTR,TISTR,http://www.tistr.or.th/,,TISTR Culture Collection Bangkok MIRCEN,2016-05-04 11:11:51
542,TMC,TMC,,,The Mollicutes Collection,2016-05-04 11:11:51
543,TSY,TSY,http://cellbank.nihs.go.jp/,,"Laboratory of Mycology, Division of Microbiology",2016-05-04 11:11:51
544,UAMH,UAMH,http://www.devonian2.ualberta.ca/uamh/,,University of Alberta Microfungus Collection and Herbarium,2016-05-04 11:11:51
545,UBCC,UBCC,http://www.ub.es/bemf,,University of Barcelona Culture Collection,2016-05-04 11:11:51
546,UCCAA,UCCAA,http://www.antiplaguestat.gov.ua/en/national_collection.html,,Ukrainian Collection of Cholera Aetiological Agents O1 and non O1,2016-05-04 11:11:51
547,UCCM,UCCM,,,University of Calabar Collection of Microorganisms,2016-05-04 11:11:51
548,UCD-FST,UCD-FST,http://www.phaffcollection.org/,,Phaff Yeast Culture Collection,2016-05-04 11:11:51
549,UCGE,UCGE,,,"Unit Cell of Genetic Engineering, Department of Biochemistry",2016-05-04 11:11:51
550,UCLAF,UCLAF,,,HMR/Romainville,2016-05-04 11:11:51
551,UCP,UCP,,,Colecao da Universidade Catolica de Pernambuco,2016-05-04 11:11:51
552,UFPEDA,UFPEDA,,,Universidade Federal de Pernambuco,2016-05-04 11:11:51
553,UFRJIM,UFRJIM,,,Departamento de Microbiologia Medica,2016-05-04 11:11:51
554,UFScarCC,UFScarCC,,,Freshater Microalgae Collection Cultures,2016-05-04 11:11:51
555,UICC,UICC,,,University of Indonesia Culture Collection,2016-05-04 11:11:51
556,UJB,UJB,,,University of Jaffna Botany,2016-05-04 11:11:51
557,UKKP,UKKP,,,Universiti Kebangsaan Kultur Perubatan,2016-05-04 11:11:51
558,UMFFTD,UMFFTD,,,"Food and Fermentation Technology Division, University of Mumbai",2016-05-04 11:11:51
559,UMIP,UMIP,http://www.crbip.pasteur.fr/,,Collection de Champignons et Actinomycetes Pathogenes,2016-05-04 11:11:51
560,UMRC,UMRC,http://www.rhizobium.umn.edu/,,University of Minnesota Rhizobium Collection,2016-05-04 11:11:51
561,UOA/HCPF,UOA/HCPF,,,UOA/HCPF University of Athens/Hellenic Collection of Pathogenic Fungi,2016-05-04 11:11:51
562,UPCC,UPCC,,,Natural Sciences Research Institute Culture Collection,2016-05-04 11:11:51
563,UPMR,UPMR,,,Rhizobium Collection,2016-05-04 11:11:51
564,UPRM,UPRM,,,Rhizobium Culture Collection,2016-05-04 11:11:51
565,UPSC,UPSC,,,Uppsala University Culture Collection of Fungi,2016-05-04 11:11:51
566,URIVOT,URIVOT,http://www.tairov.com.ua/,,Culture Collection of Ukrainian Research Institute of Viticulture and Oenology by V.E. Tairovo,2016-05-04 11:11:51
567,URM,URM,http://www.ufpe.br/micoteca,,Universidade Federal de Pernambuco,2016-05-04 11:11:51
568,USRCB,USRCB,,,Ukrainian Scientific-Research Cell Bank.,2016-05-04 11:11:51
569,UTEX,UTEX,http://www.utex.org/,,The Culture Collection of Algae at the University of Texas Austin,2016-05-04 11:11:51
570,UTMC,UTMC,,,University of Tehran Microorganisms Collection,2016-05-04 11:11:51
571,UUC,UUC,,,Janet A. Robertson Collection of Ureaplasma urealyticum Cultures,2016-05-04 11:11:51
572,UWO,UWO,,,Department of Plant Sciences,2016-05-04 11:11:51
573,VBCCA,VBCCA,http://www.visva-bharati.ac.in/,,VISVA-BHARATI CULTURE COLLECTION OF ALGAE,2016-05-04 11:11:51
574,VCRC,VCRC,,,Volcani Center Rhizobium Collection (VCRC),2016-05-04 11:11:51
575,VIZR,VIZR,http://www.cl.spb.ru/vizrspb/,,"Collection for plant protection, All-Russian Institute of Plant Protection",2016-05-04 11:11:51
576,VKM,VKM,http://www.vkm.ru/,,All-Russian Collection of Microorganisms,2016-05-04 11:11:51
577,VKPM,VKPM,,,Russian National Collection of Industrial Microorganisms,2016-05-04 11:11:51
578,VPCI,VPCI,,,Fungal Culture Collection,2016-05-04 11:11:51
579,VPRI,VPRI,,,Victorian Plant Disease Herbarium,2016-05-04 11:11:51
580,VRLI,VRLI,,,Department of Virology,2016-05-04 11:11:51
581,VTB,VTB,,,Banco de Celulas Humanas e Animais Laboratorio de Patologia Celular e Molecular,2016-05-04 11:11:51
582,VTCC,VTCC,http://biotechvnu.edu.vn/vtcc/,,Vietnam Type Culture Collection (VTCC),2016-05-04 11:11:51
583,VTTCC,VTTCC,http://culturecollection.vtt.fi/,,VTT Culture Collection,2016-05-04 11:11:51
584,WAC,WAC,,,Department of Agriculture Western Australia Plant Pathogen Collection,2016-05-04 11:11:51
585,WACC,WACC,,,Western Australian Culture Collection,2016-05-04 11:11:51
586,WAITE,WAITE,,,Insect Pathology Pathogen Collection,2016-05-04 11:11:51
587,WARC,WARC,,,New Zealand Reference Culture Collection,2016-05-04 11:11:51
588,WCUM,WCUM,,,Working Collection,2016-05-04 11:11:51
589,WDds,WDds,,,Raul Lopez Sanchez,2016-05-04 11:11:51
590,WPBS,WPBS,,,WPBS Rhizobium Collection,2016-05-04 11:11:51
591,WRL,WRL,,,The Wellcome Bacterial Collection,2016-05-04 11:11:51
592,WVDH,WVDH,,,West Virginia Hygienic Laboratory,2016-05-04 11:11:51
593,YM,YM,,,"Strains Collection of Yunnan Institute of Microbiology, Yunnan University, China",2016-05-04 11:11:51
594,ZIM,ZIM,http://www.bf.uni-lj.si/zt/bioteh/katedra/collection.htm,,ZIM Culture Collection of Industrial Microorganisms,2016-05-04 11:11:51
595,DSMZ,DSMZ,http://www.dsmz.de/,https://www.dsmz.de/collection/catalogue/details/culture/DSM-#####CULCOLNO#####,DSMZ-Deutsche Sammlung von Mikroorganismen und Zellkulturen GmbH,2019-08-21 09:47:28
596,CCTCC AB,CCTCC AB,,,China Center for Type Culture Collection,2019-01-18 10:24:31
597,HKI,HKI,,,Hans Knll Institut,2019-01-16 13:34:09
598,IMET,IMET,,,,2019-01-16 13:34:09
599,IMRU,IMRU,,,,2019-01-16 13:34:09
600,KCCM,KCCM,,,,2019-01-16 13:34:09
601,CCTCC AA,CCTCC AA,,,China Center for Type Culture Collection,2019-01-18 10:24:35
